config,entries,commits,rep,tsc_per_us,clwb_lines,boundaries_per_commit_x1000,total_boundary_cycles,total_prepare_cycles,wall_ns,wall_ns_per_commit,minor_faults,load1,events
pmem-auto,1,20000,1,2294,80000,1000,615582,5929046,89610509,4480,275,0.08,""
pmem-auto,1,120000,1,2294,480000,1000,3658182,34870162,529676755,4413,1727,0.08,""
pmem-none,1,20000,1,2294,80000,1000,620128,1612400,76818783,3840,275,0.15,""
pmem-none,1,120000,1,2294,480000,1000,3701432,9573770,456344225,3802,1727,0.15,""
file-dax,1,20000,1,2294,0,1000,233747080,0,249134854,12456,40275,0.15,""
file-dax,1,120000,1,2294,0,1000,1422943290,0,1510265312,12585,241727,0.15,""
pmem-auto,8,20000,1,2294,280000,1000,593792,20480442,269513937,13475,1643,0.15,""
pmem-auto,8,120000,1,2294,1680000,1000,3550216,123001470,1599173136,13326,9930,0.15,""
pmem-none,8,20000,1,2294,280000,1000,597102,5763444,173176475,8658,1643,0.22,""
pmem-none,8,120000,1,2294,1680000,1000,3585090,34485030,1039099789,8659,9930,0.22,""
file-dax,8,20000,1,2294,0,1000,227893182,0,342994821,17149,41643,0.22,""
file-dax,8,120000,1,2294,0,1000,1400786968,0,2070852437,17257,249930,0.22,""
pmem-auto,24,20000,1,2294,760000,1000,577936,55259050,749969797,37498,4767,0.20,""
pmem-auto,24,120000,1,2294,4560000,1000,3483752,333327234,4519788397,37664,28680,0.20,""
pmem-none,24,20000,1,2294,760000,1000,601834,16317840,427324504,21366,4767,0.33,""
pmem-none,24,120000,1,2294,4560000,1000,3676580,97843148,2560019972,21333,28680,0.33,""
file-dax,24,20000,1,2294,0,1000,231043084,0,583940432,29197,44767,0.38,""
file-dax,24,120000,1,2294,0,1000,1386711074,0,3509743887,29247,268680,0.38,""
pmem-auto,1,20000,2,2294,80000,1000,612486,5846368,88696912,4434,275,0.43,""
pmem-auto,1,120000,2,2294,480000,1000,3656768,34875938,529690489,4414,1727,0.43,""
pmem-none,1,20000,2,2294,80000,1000,615922,1594344,76122374,3806,275,0.43,""
pmem-none,1,120000,2,2294,480000,1000,3692256,9576890,456362705,3803,1727,0.43,""
file-dax,1,20000,2,2294,0,1000,232407088,0,248801589,12440,40275,0.43,""
file-dax,1,120000,2,2294,0,1000,1455443598,0,1520297441,12669,241727,0.43,""
pmem-auto,8,20000,2,2294,280000,1000,590364,20496072,269178551,13458,1643,0.48,""
pmem-auto,8,120000,2,2294,1680000,1000,3530738,122964784,1635310669,13627,9930,0.48,""
pmem-none,8,20000,2,2294,280000,1000,606080,5753244,173566294,8678,1643,0.52,""
pmem-none,8,120000,2,2294,1680000,1000,3593094,34550368,1039404684,8661,9930,0.52,""
file-dax,8,20000,2,2294,0,1000,229959650,0,343367583,17168,41643,0.52,""
file-dax,8,120000,2,2294,0,1000,1380309590,0,2067562831,17229,249930,0.52,""
pmem-auto,24,20000,2,2294,760000,1000,582200,55367314,752448758,37622,4767,0.56,""
pmem-auto,24,120000,2,2294,4560000,1000,3529482,332523674,4507851263,37565,28680,0.56,""
pmem-none,24,20000,2,2294,760000,1000,606722,16302192,426480840,21324,4767,0.63,""
pmem-none,24,120000,2,2294,4560000,1000,3695918,97848148,2559763075,21331,28680,0.63,""
file-dax,24,20000,2,2294,0,1000,231693636,0,583598770,29179,44767,0.63,""
file-dax,24,120000,2,2294,0,1000,1385943340,0,3499416538,29161,268680,0.58,""
pmem-auto,1,20000,3,2294,80000,1000,615574,5903834,89412290,4470,275,0.58,""
pmem-auto,1,120000,3,2294,480000,1000,3651906,34822114,529955025,4416,1727,0.58,""
pmem-none,1,20000,3,2294,80000,1000,624774,1618608,77363485,3868,275,0.61,""
pmem-none,1,120000,3,2294,480000,1000,3696016,9578424,457067905,3808,1727,0.61,""
file-dax,1,20000,3,2294,0,1000,236952994,0,250752279,12537,40275,0.61,""
file-dax,1,120000,3,2294,0,1000,1430484586,0,1510364514,12586,241727,0.61,""
pmem-auto,8,20000,3,2294,280000,1000,588358,20566144,272674194,13633,1643,0.61,""
pmem-auto,8,120000,3,2294,1680000,1000,3499722,123031790,1613372504,13444,9930,0.61,""
pmem-none,8,20000,3,2294,280000,1000,595366,5746286,173160087,8658,1643,0.64,""
pmem-none,8,120000,3,2294,1680000,1000,3602390,34653432,1041491986,8679,9930,0.64,""
file-dax,8,20000,3,2294,0,1000,227156306,0,342160104,17108,41643,0.67,""
file-dax,8,120000,3,2294,0,1000,1400979838,0,2063118671,17192,249930,0.67,""
pmem-auto,24,20000,3,2294,760000,1000,583120,55555190,756581525,37829,4767,0.67,""
pmem-auto,24,120000,3,2294,4560000,1000,3492448,332807764,4514144971,37617,28680,0.67,""
pmem-none,24,20000,3,2294,760000,1000,608916,16286002,427345335,21367,4767,0.72,""
pmem-none,24,120000,3,2294,4560000,1000,3686404,97795202,2558784451,21323,28680,0.72,""
file-dax,24,20000,3,2294,0,1000,228583200,0,583195529,29159,44767,0.74,""
file-dax,24,120000,3,2294,0,1000,1402304050,0,3509236943,29243,268680,0.74,""
