config,rep,tsc_per_us,steps,wall_ns_per_step,step_ns_mean,step_ns_median,step_ns_p90,compute_ns,alloc_ns,bitmap_ns,publish_ns,retire_ns,boundaries_x1000,prepare_x1000,clwb_lines_x1000,faults_x1000,load1
pmem-auto,1,3417,3180,166759,166768,164656,179929,151620,3409,6212,2329,3190,4000,0,94584,2141,0.05
file-block,1,3417,3180,1558413,1558587,1604008,1681493,515241,270007,256086,255984,261244,4000,11666,0,12808,0.05
direct-block,1,3417,3180,1521872,1522046,1555073,1632409,461951,272007,282429,248046,257590,4000,11666,0,2142,0.13
pmem-auto,2,3417,3180,170439,170448,164838,181032,154997,3482,6273,2418,3271,4000,0,94584,2141,0.20
file-block,2,3417,3180,1556554,1556727,1604018,1679778,517419,266087,254790,257176,261230,4000,11666,0,12808,0.26
direct-block,2,3417,3180,1518568,1518741,1551018,1638036,462295,269645,283188,247489,256101,4000,11666,0,2142,0.32
pmem-auto,3,3417,3180,170562,170571,164799,181157,155079,3467,6363,2391,3264,4000,0,94584,2141,0.38
file-block,3,3417,3180,1558022,1558197,1605191,1680608,516707,268835,254995,258286,259349,4000,11666,0,12808,0.38
direct-block,3,3417,3180,1523922,1524098,1554695,1631503,464874,271054,284470,248378,255299,4000,11666,0,2142,0.51
