cpu,bin,backend,entries,rep,wall_ns_per_commit
2,base,pmem,1,1,963
2,fix,pmem,1,1,961
2,base,file,1,1,3440
2,fix,file,1,1,3420
2,base,pmem,8,1,2111
2,fix,pmem,8,1,2145
2,base,file,8,1,4572
2,fix,file,8,1,4623
2,base,pmem,24,1,5228
2,fix,pmem,24,1,5291
2,base,file,24,1,7638
2,fix,file,24,1,7717
2,base,pmem,1,2,955
2,fix,pmem,1,2,968
2,base,file,1,2,3421
2,fix,file,1,2,3437
2,base,pmem,8,2,2104
2,fix,pmem,8,2,2135
2,base,file,8,2,4578
2,fix,file,8,2,4617
2,base,pmem,24,2,5280
2,fix,pmem,24,2,5319
2,base,file,24,2,7651
2,fix,file,24,2,7718
2,base,pmem,1,3,958
2,fix,pmem,1,3,966
2,base,file,1,3,3453
2,fix,file,1,3,3439
2,base,pmem,8,3,2097
2,fix,pmem,8,3,2144
2,base,file,8,3,4568
2,fix,file,8,3,4628
2,base,pmem,24,3,5234
2,fix,pmem,24,3,5299
2,base,file,24,3,7660
2,fix,file,24,3,7715
2,base,pmem,1,4,958
2,fix,pmem,1,4,962
2,base,file,1,4,3435
2,fix,file,1,4,3442
2,base,pmem,8,4,2111
2,fix,pmem,8,4,2147
2,base,file,8,4,4564
2,fix,file,8,4,4630
2,base,pmem,24,4,5233
2,fix,pmem,24,4,5324
2,base,file,24,4,7640
2,fix,file,24,4,7732
2,base,pmem,1,5,962
2,fix,pmem,1,5,969
2,base,file,1,5,3443
2,fix,file,1,5,3445
2,base,pmem,8,5,2106
2,fix,pmem,8,5,2149
2,base,file,8,5,4566
2,fix,file,8,5,4629
2,base,pmem,24,5,5231
2,fix,pmem,24,5,5300
2,base,file,24,5,7652
2,fix,file,24,5,7700
20,base,pmem,1,1,1815
20,fix,pmem,1,1,1946
20,base,file,1,1,5423
20,fix,file,1,1,5403
20,base,pmem,8,1,4274
20,fix,pmem,8,1,4309
20,base,file,8,1,8136
20,fix,file,8,1,8446
20,base,pmem,24,1,10653
20,fix,pmem,24,1,10603
20,base,file,24,1,14604
20,fix,file,24,1,14869
20,base,pmem,1,2,1962
20,fix,pmem,1,2,1950
20,base,file,1,2,5924
20,fix,file,1,2,5976
20,base,pmem,8,2,4210
20,fix,pmem,8,2,4317
20,base,file,8,2,8245
20,fix,file,8,2,8592
20,base,pmem,24,2,10435
20,fix,pmem,24,2,10815
20,base,file,24,2,15285
20,fix,file,24,2,15254
20,base,pmem,1,3,1856
20,fix,pmem,1,3,1952
20,base,file,1,3,5795
20,fix,file,1,3,5760
20,base,pmem,8,3,4342
20,fix,pmem,8,3,4321
20,base,file,8,3,7790
20,fix,file,8,3,8429
20,base,pmem,24,3,10653
20,fix,pmem,24,3,11658
20,base,file,24,3,14614
20,fix,file,24,3,14545
20,base,pmem,1,4,2174
20,fix,pmem,1,4,2168
20,base,file,1,4,5803
20,fix,file,1,4,5492
20,base,pmem,8,4,4367
20,fix,pmem,8,4,4315
20,base,file,8,4,8346
20,fix,file,8,4,8206
20,base,pmem,24,4,10708
20,fix,pmem,24,4,10632
20,base,file,24,4,14520
20,fix,file,24,4,14979
20,base,pmem,1,5,1954
20,fix,pmem,1,5,1956
20,base,file,1,5,5954
20,fix,file,1,5,5648
20,base,pmem,8,5,4302
20,fix,pmem,8,5,4603
20,base,file,8,5,8344
20,fix,file,8,5,8292
20,base,pmem,24,5,10685
20,fix,pmem,24,5,11140
20,base,file,24,5,14586
20,fix,file,24,5,15125
20,base,pmem,1,6,1986
20,fix,pmem,1,6,2037
20,base,file,1,6,5794
20,fix,file,1,6,5896
20,base,pmem,8,6,4260
20,fix,pmem,8,6,4600
20,base,file,8,6,8422
20,fix,file,8,6,8574
20,base,pmem,24,6,10611
20,fix,pmem,24,6,11111
20,base,file,24,6,14747
20,fix,file,24,6,15005
20,base,pmem,1,7,1857
20,fix,pmem,1,7,1956
20,base,file,1,7,5623
20,fix,file,1,7,5998
20,base,pmem,8,7,4257
20,fix,pmem,8,7,4702
20,base,file,8,7,8347
20,fix,file,8,7,8274
20,base,pmem,24,7,10580
20,fix,pmem,24,7,10637
20,base,file,24,7,14488
20,fix,file,24,7,14640
20,base,pmem,1,8,1957
20,fix,pmem,1,8,2170
20,base,file,1,8,5934
20,fix,file,1,8,5763
20,base,pmem,8,8,4355
20,fix,pmem,8,8,4306
20,base,file,8,8,8210
20,fix,file,8,8,8345
20,base,pmem,24,8,10669
20,fix,pmem,24,8,10900
20,base,file,24,8,14459
20,fix,file,24,8,14941
20,base,pmem,1,9,1959
20,fix,pmem,1,9,2165
20,base,file,1,9,5911
20,fix,file,1,9,5924
20,base,pmem,8,9,4349
20,fix,pmem,8,9,4330
20,base,file,8,9,8452
20,fix,file,8,9,8431
20,base,pmem,24,9,10657
20,fix,pmem,24,9,11619
20,base,file,24,9,14575
20,fix,file,24,9,14921
20,base,pmem,1,10,1963
20,fix,pmem,1,10,1952
20,base,file,1,10,5794
20,fix,file,1,10,5913
20,base,pmem,8,10,4353
20,fix,pmem,8,10,4298
20,base,file,8,10,8751
20,fix,file,8,10,8534
20,base,pmem,24,10,10674
20,fix,pmem,24,10,10918
20,base,file,24,10,14606
20,fix,file,24,10,14846
20,base,pmem,1,11,1955
20,fix,pmem,1,11,1942
20,base,file,1,11,5943
20,fix,file,1,11,5643
20,base,pmem,8,11,4380
20,fix,pmem,8,11,4680
20,base,file,8,11,8194
20,fix,file,8,11,8052
20,base,pmem,24,11,10712
20,fix,pmem,24,11,10642
20,base,file,24,11,14473
20,fix,file,24,11,15489
