cpu,bin,backend,entries,rep,pos,wall_ns_per_commit
2,base,pmem,1,1,1,957
2,fix,pmem,1,1,2,963
2,pad,pmem,1,1,3,957
2,base,file,1,1,1,3420
2,fix,file,1,1,2,3419
2,pad,file,1,1,3,3416
2,base,pmem,8,1,1,2101
2,fix,pmem,8,1,2,2137
2,pad,pmem,8,1,3,2095
2,base,file,8,1,1,4576
2,fix,file,8,1,2,4634
2,pad,file,8,1,3,4565
2,base,pmem,24,1,1,5220
2,fix,pmem,24,1,2,5287
2,pad,pmem,24,1,3,5225
2,base,file,24,1,1,7677
2,fix,file,24,1,2,7703
2,pad,file,24,1,3,7623
2,fix,pmem,1,2,1,965
2,pad,pmem,1,2,2,960
2,base,pmem,1,2,3,962
2,fix,file,1,2,1,3439
2,pad,file,1,2,2,3432
2,base,file,1,2,3,3422
2,fix,pmem,8,2,1,2146
2,pad,pmem,8,2,2,2093
2,base,pmem,8,2,3,2104
2,fix,file,8,2,1,4612
2,pad,file,8,2,2,4575
2,base,file,8,2,3,4594
2,fix,pmem,24,2,1,5282
2,pad,pmem,24,2,2,5233
2,base,pmem,24,2,3,5242
2,fix,file,24,2,1,7703
2,pad,file,24,2,2,7628
2,base,file,24,2,3,7662
2,pad,pmem,1,3,1,962
2,base,pmem,1,3,2,959
2,fix,pmem,1,3,3,967
2,pad,file,1,3,1,3422
2,base,file,1,3,2,3441
2,fix,file,1,3,3,3421
2,pad,pmem,8,3,1,2093
2,base,pmem,8,3,2,2115
2,fix,pmem,8,3,3,2129
2,pad,file,8,3,1,4588
2,base,file,8,3,2,4578
2,fix,file,8,3,3,4615
2,pad,pmem,24,3,1,5235
2,base,pmem,24,3,2,5238
2,fix,pmem,24,3,3,5300
2,pad,file,24,3,1,7653
2,base,file,24,3,2,7734
2,fix,file,24,3,3,7686
2,base,pmem,1,4,1,962
2,fix,pmem,1,4,2,964
2,pad,pmem,1,4,3,962
2,base,file,1,4,1,3435
2,fix,file,1,4,2,3453
2,pad,file,1,4,3,3439
2,base,pmem,8,4,1,2127
2,fix,pmem,8,4,2,2159
2,pad,pmem,8,4,3,2110
2,base,file,8,4,1,4589
2,fix,file,8,4,2,4625
2,pad,file,8,4,3,4587
2,base,pmem,24,4,1,5251
2,fix,pmem,24,4,2,5330
2,pad,pmem,24,4,3,5258
2,base,file,24,4,1,7680
2,fix,file,24,4,2,7799
2,pad,file,24,4,3,7694
2,fix,pmem,1,5,1,967
2,pad,pmem,1,5,2,962
2,base,pmem,1,5,3,965
2,fix,file,1,5,1,3448
2,pad,file,1,5,2,3444
2,base,file,1,5,3,3440
2,fix,pmem,8,5,1,2159
2,pad,pmem,8,5,2,2102
2,base,pmem,8,5,3,2119
2,fix,file,8,5,1,4639
2,pad,file,8,5,2,4616
2,base,file,8,5,3,4600
2,fix,pmem,24,5,1,5356
2,pad,pmem,24,5,2,5282
2,base,pmem,24,5,3,5271
2,fix,file,24,5,1,7750
2,pad,file,24,5,2,7821
2,base,file,24,5,3,7768
2,pad,pmem,1,6,1,966
2,base,pmem,1,6,2,971
2,fix,pmem,1,6,3,980
2,pad,file,1,6,1,3439
2,base,file,1,6,2,3440
2,fix,file,1,6,3,3459
2,pad,pmem,8,6,1,2113
2,base,pmem,8,6,2,2120
2,fix,pmem,8,6,3,2154
2,pad,file,8,6,1,4575
2,base,file,8,6,2,4586
2,fix,file,8,6,3,4631
2,pad,pmem,24,6,1,5297
2,base,pmem,24,6,2,5497
2,fix,pmem,24,6,3,5576
2,pad,file,24,6,1,8052
2,base,file,24,6,2,7671
2,fix,file,24,6,3,7768
2,base,pmem,1,7,1,969
2,fix,pmem,1,7,2,974
2,pad,pmem,1,7,3,963
2,base,file,1,7,1,3438
2,fix,file,1,7,2,3445
2,pad,file,1,7,3,3450
2,base,pmem,8,7,1,2104
2,fix,pmem,8,7,2,2152
2,pad,pmem,8,7,3,2100
2,base,file,8,7,1,4573
2,fix,file,8,7,2,4631
2,pad,file,8,7,3,4563
2,base,pmem,24,7,1,5248
2,fix,pmem,24,7,2,5327
2,pad,pmem,24,7,3,5250
2,base,file,24,7,1,7639
2,fix,file,24,7,2,7731
2,pad,file,24,7,3,7643
2,fix,pmem,1,8,1,962
2,pad,pmem,1,8,2,957
2,base,pmem,1,8,3,963
2,fix,file,1,8,1,3439
2,pad,file,1,8,2,3430
2,base,file,1,8,3,3437
2,fix,pmem,8,8,1,2142
2,pad,pmem,8,8,2,2099
2,base,pmem,8,8,3,2100
2,fix,file,8,8,1,4611
2,pad,file,8,8,2,4547
2,base,file,8,8,3,4589
2,fix,pmem,24,8,1,5300
2,pad,pmem,24,8,2,5247
2,base,pmem,24,8,3,5247
2,fix,file,24,8,1,7695
2,pad,file,24,8,2,7641
2,base,file,24,8,3,7631
2,pad,pmem,1,9,1,954
2,base,pmem,1,9,2,959
2,fix,pmem,1,9,3,967
2,pad,file,1,9,1,3408
2,base,file,1,9,2,3420
2,fix,file,1,9,3,3423
2,pad,pmem,8,9,1,2092
2,base,pmem,8,9,2,2108
2,fix,pmem,8,9,3,2140
2,pad,file,8,9,1,4575
2,base,file,8,9,2,4587
2,fix,file,8,9,3,4623
2,pad,pmem,24,9,1,5237
2,base,pmem,24,9,2,5238
2,fix,pmem,24,9,3,5252
2,pad,file,24,9,1,7627
2,base,file,24,9,2,7651
2,fix,file,24,9,3,7781
