config,backend,dir,fstype,entries,commits,warmup,rep,boundaries_per_commit_x1000,clwb_lines,tsc_per_us,cyc_min,cyc_med,cyc_p90,cyc_p99,cyc_max,ns_min,ns_med,ns_p90,ns_p99,ns_max,total_boundary_cycles,total_prepare_cycles,wall_ns,boundary_share_x1000,wall_ns_per_commit,load1,block_size,region_blocks
pmem-dax,pmem,"/mnt/pmem0.0/sean",ext4,1,20000,2000,1,1000,80000,2294,24,30,32,38,52,10,13,13,16,22,587288,5757570,91003790,30,4550,0.00,2048,512
file-dax,file,"/mnt/pmem0.0/sean",ext4,1,20000,2000,1,1000,0,2294,11070,11674,12018,13094,52744,4825,5088,5238,5707,22992,235961704,0,251490596,409,12574,0.00,2048,512
file-block,file,"/home/users/u7599095",ext4,1,20000,2000,1,1000,0,2294,352728,386492,432546,1716038,2081806,153761,168479,188555,748054,907500,8599279808,0,4242627225,883,212131,0.00,2048,512
pmem-dax,pmem,"/mnt/pmem0.0/sean",ext4,8,20000,2000,1,1000,280000,2294,24,28,30,32,36,10,12,13,13,15,552314,20303036,274799563,33,13739,0.08,2048,512
file-dax,file,"/mnt/pmem0.0/sean",ext4,8,20000,2000,1,1000,0,2294,10408,11496,11816,12586,91054,4537,5011,5150,5486,39692,228843566,0,344621980,289,17231,0.08,2048,512
file-block,file,"/home/users/u7599095",ext4,8,20000,2000,1,1000,0,2294,326494,362288,413498,1640754,3158368,142325,157928,180251,715237,1376795,8153636974,0,4379016116,811,218950,0.08,2048,512
pmem-dax,pmem,"/mnt/pmem0.0/sean",ext4,24,20000,2000,1,1000,760000,2294,24,28,30,32,35986,10,12,13,13,15687,596338,54910374,763784159,31,38189,0.15,2048,512
file-dax,file,"/mnt/pmem0.0/sean",ext4,24,20000,2000,1,1000,0,2294,10108,11416,11822,12756,88614,4406,4976,5153,5560,38628,229344426,0,588804813,169,29440,0.15,2048,512
file-block,file,"/home/users/u7599095",ext4,24,20000,2000,1,1000,0,2294,300076,359794,408158,1586996,57009746,130809,156841,177924,691802,24851676,8135549574,0,5091353865,696,254567,0.15,2048,512
pmem-dax,pmem,"/mnt/pmem0.0/sean",ext4,1,20000,2000,1,1000,80000,2294,22,30,32,34,58,9,13,13,14,25,585356,5737828,91898919,29,4594,0.28,4096,256
file-dax,file,"/mnt/pmem0.0/sean",ext4,1,20000,2000,1,1000,0,2294,11010,11920,12312,13012,46834,4799,5196,5367,5672,20415,239753276,0,253591025,412,12679,0.28,4096,256
file-block,file,"/home/users/u7599095",ext4,1,20000,2000,1,1000,0,2294,348762,390144,433772,1627714,3668212,152032,170071,189089,709552,1599046,8643327698,0,4261198903,884,213059,0.28,4096,256
pmem-dax,pmem,"/mnt/pmem0.0/sean",ext4,8,20000,2000,1,1000,280000,2294,24,28,30,32,58,10,12,13,13,25,552096,20274794,270274692,33,13513,0.34,4096,256
file-dax,file,"/mnt/pmem0.0/sean",ext4,8,20000,2000,1,1000,0,2294,10578,11486,11730,12454,76068,4611,5006,5113,5428,33159,230812666,0,339475572,296,16973,0.34,4096,256
file-block,file,"/home/users/u7599095",ext4,8,20000,2000,1,1000,0,2294,331654,365474,416642,1623232,103129262,144574,159317,181622,707598,44956086,8351912866,0,4465043755,815,223252,0.34,4096,256
pmem-dax,pmem,"/mnt/pmem0.0/sean",ext4,24,20000,2000,1,1000,760000,2294,24,28,30,32,3418,10,12,13,13,1489,562958,55033230,763680706,31,38184,0.39,4096,256
file-dax,file,"/mnt/pmem0.0/sean",ext4,24,20000,2000,1,1000,0,2294,9726,11370,11768,12550,80828,4239,4956,5129,5470,35234,227364016,0,587079878,168,29353,0.39,4096,256
file-block,file,"/home/users/u7599095",ext4,24,20000,2000,1,1000,0,2294,296264,362092,411510,1550344,58155956,129147,157843,179385,675825,25351332,8157746384,0,5095429575,697,254771,0.39,4096,256
pmem-dax,pmem,"/mnt/pmem0.0/sean",ext4,1,20000,2000,1,1000,80000,2294,24,30,32,36,56,10,13,13,15,24,586114,5815236,90373825,30,4518,0.44,4096,512
file-dax,file,"/mnt/pmem0.0/sean",ext4,1,20000,2000,1,1000,0,2294,2120116,2128076,2130452,2169946,2262230,924200,927670,928706,945922,986150,42582667602,0,18686455438,993,934322,0.44,4096,512
file-block,file,"/home/users/u7599095",ext4,1,20000,2000,1,1000,0,2294,263064,304806,335318,1462956,1878692,114674,132870,146171,637731,818959,6723320332,0,3413515211,858,170675,0.63,4096,512
pmem-dax,pmem,"/mnt/pmem0.0/sean",ext4,8,20000,2000,1,1000,280000,2294,24,28,30,32,3352,10,12,13,13,1461,555852,20255846,267475148,33,13373,0.63,4096,512
file-dax,file,"/mnt/pmem0.0/sean",ext4,8,20000,2000,1,1000,0,2294,2120246,2129176,2131916,2168516,2276214,924257,928149,929344,945299,992246,42600613678,0,18788591164,988,939429,0.63,4096,512
file-block,file,"/home/users/u7599095",ext4,8,20000,2000,1,1000,0,2294,245160,303898,332884,1475658,60260100,106870,132475,145110,643268,26268570,6794519504,0,3768502947,785,188425,0.76,4096,512
pmem-dax,pmem,"/mnt/pmem0.0/sean",ext4,24,20000,2000,1,1000,760000,2294,24,28,30,32,3328,10,12,13,13,1450,561912,54916968,763852739,31,38192,0.76,4096,512
file-dax,file,"/mnt/pmem0.0/sean",ext4,24,20000,2000,1,1000,0,2294,2115330,2125470,2128668,2165122,2247244,922114,926534,927928,943819,979618,42524387960,0,19001919223,975,950095,0.70,4096,512
file-block,file,"/home/users/u7599095",ext4,24,20000,2000,1,1000,0,2294,238934,305238,341450,1391528,1748072,104156,133059,148844,606594,762019,6754623818,0,4540375582,648,227018,0.79,4096,512
pmem-dax,pmem,"/mnt/pmem0.0/sean",ext4,1,20000,2000,2,1000,80000,2294,22,30,32,34,40,9,13,13,14,17,584598,5717528,91751963,29,4587,0.80,2048,512
file-dax,file,"/mnt/pmem0.0/sean",ext4,1,20000,2000,2,1000,0,2294,10954,11706,12062,13002,48940,4775,5102,5258,5667,21333,235828008,0,252269560,407,12613,0.80,2048,512
file-block,file,"/home/users/u7599095",ext4,1,20000,2000,2,1000,0,2294,346830,385844,429806,1711558,3615600,151190,168197,187360,746102,1576111,8571565222,0,4229746856,883,211487,0.80,2048,512
pmem-dax,pmem,"/mnt/pmem0.0/sean",ext4,8,20000,2000,2,1000,280000,2294,24,28,30,32,3540,10,12,13,13,1543,555478,20212142,275234039,32,13761,0.82,2048,512
file-dax,file,"/mnt/pmem0.0/sean",ext4,8,20000,2000,2,1000,0,2294,10320,11346,11918,12588,80728,4498,4945,5195,5487,35190,228426940,0,346513115,287,17325,0.82,2048,512
file-block,file,"/home/users/u7599095",ext4,8,20000,2000,2,1000,0,2294,326502,362232,413096,1630068,90848448,142328,157904,180076,710578,39602636,8275757314,0,4431038539,814,221551,0.82,2048,512
pmem-dax,pmem,"/mnt/pmem0.0/sean",ext4,24,20000,2000,2,1000,760000,2294,24,28,30,32,3440,10,12,13,13,1499,560878,54954160,758872739,31,37943,0.83,2048,512
file-dax,file,"/mnt/pmem0.0/sean",ext4,24,20000,2000,2,1000,0,2294,9848,11542,11996,12958,84060,4292,5031,5229,5648,36643,232105206,0,589682885,171,29484,0.83,2048,512
file-block,file,"/home/users/u7599095",ext4,24,20000,2000,2,1000,0,2294,295924,359052,408318,1592230,2755208,128999,156517,177993,694084,1201049,8007994924,0,5033917392,693,251695,0.85,2048,512
pmem-dax,pmem,"/mnt/pmem0.0/sean",ext4,1,20000,2000,2,1000,80000,2294,24,30,32,36,58,10,13,13,15,25,585474,5727800,90103496,30,4505,0.86,4096,256
file-dax,file,"/mnt/pmem0.0/sean",ext4,1,20000,2000,2,1000,0,2294,11492,12634,13328,13982,49010,5009,5507,5809,6095,21364,254420794,0,260893246,425,13044,0.86,4096,256
file-block,file,"/home/users/u7599095",ext4,1,20000,2000,2,1000,0,2294,349220,390922,432070,1630640,64641818,152231,170410,188347,710828,28178647,8774243746,0,4316056663,886,215802,0.86,4096,256
pmem-dax,pmem,"/mnt/pmem0.0/sean",ext4,8,20000,2000,2,1000,280000,2294,24,28,30,32,36,10,12,13,13,15,554136,20273732,270351272,33,13517,0.87,4096,256
file-dax,file,"/mnt/pmem0.0/sean",ext4,8,20000,2000,2,1000,0,2294,10594,11642,12012,13030,85512,4618,5074,5236,5680,37276,234456892,0,341583877,299,17079,0.87,4096,256
file-block,file,"/home/users/u7599095",ext4,8,20000,2000,2,1000,0,2294,331444,364940,414804,1610518,1937950,144482,159084,180821,702056,844790,8178021160,0,4387756498,812,219387,0.87,4096,256
pmem-dax,pmem,"/mnt/pmem0.0/sean",ext4,24,20000,2000,2,1000,760000,2294,24,28,30,32,40,10,12,13,13,17,557756,54813384,767271347,31,38363,0.88,4096,256
file-dax,file,"/mnt/pmem0.0/sean",ext4,24,20000,2000,2,1000,0,2294,9924,11506,11804,12568,79460,4326,5015,5145,5478,34638,228266828,0,586153697,169,29307,0.88,4096,256
file-block,file,"/home/users/u7599095",ext4,24,20000,2000,2,1000,0,2294,304482,362050,411936,1541856,2273292,132729,157824,179571,672125,990972,8030967636,0,5046146635,693,252307,0.88,4096,256
pmem-dax,pmem,"/mnt/pmem0.0/sean",ext4,1,20000,2000,2,1000,80000,2294,24,30,32,34,3538,10,13,13,14,1542,592576,5740642,91437058,30,4571,0.90,4096,512
file-dax,file,"/mnt/pmem0.0/sean",ext4,1,20000,2000,2,1000,0,2294,2111986,2129844,2134636,2171050,3591514,920656,928441,930530,946403,1565612,42611121944,0,18700570007,993,935028,0.90,4096,512
file-block,file,"/home/users/u7599095",ext4,1,20000,2000,2,1000,0,2294,268810,304330,334708,1286732,55798078,117179,132663,145905,560911,24323486,6813170928,0,3452953397,860,172647,0.93,4096,512
pmem-dax,pmem,"/mnt/pmem0.0/sean",ext4,8,20000,2000,2,1000,280000,2294,24,28,30,32,36,10,12,13,13,15,551122,20246958,270978537,33,13548,0.93,4096,512
file-dax,file,"/mnt/pmem0.0/sean",ext4,8,20000,2000,2,1000,0,2294,2115366,2125390,2128074,2163878,2258636,922129,926499,927669,943277,984584,42520646624,0,18752520548,988,937626,0.85,4096,512
file-block,file,"/home/users/u7599095",ext4,8,20000,2000,2,1000,0,2294,249412,304216,333838,1479616,2730042,108723,132613,145526,644993,1190079,6712087578,0,3732178682,783,186608,0.90,4096,512
pmem-dax,pmem,"/mnt/pmem0.0/sean",ext4,24,20000,2000,2,1000,760000,2294,24,28,30,32,38,10,12,13,13,16,557466,54891928,761318964,31,38065,0.90,4096,512
file-dax,file,"/mnt/pmem0.0/sean",ext4,24,20000,2000,2,1000,0,2294,2116320,2125992,2128926,2165186,2493868,922545,926761,928040,943847,1087126,42533702676,0,19005866649,975,950293,0.90,4096,512
file-block,file,"/home/users/u7599095",ext4,24,20000,2000,2,1000,0,2294,240066,305524,342928,1358982,2543340,104649,133183,149489,592407,1108692,6763814588,0,4551482240,647,227574,0.93,4096,512
pmem-dax,pmem,"/mnt/pmem0.0/sean",ext4,1,20000,2000,3,1000,80000,2294,24,30,32,36,44,10,13,13,15,19,588394,5761724,92009614,30,4600,0.94,2048,512
file-dax,file,"/mnt/pmem0.0/sean",ext4,1,20000,2000,3,1000,0,2294,11060,11772,12096,12814,47976,4821,5131,5272,5585,20913,236397936,0,252414644,408,12620,0.94,2048,512
file-block,file,"/home/users/u7599095",ext4,1,20000,2000,3,1000,0,2294,353310,386446,430158,1707278,57185842,154014,168459,187514,744236,24928440,8701926804,0,4286790960,884,214339,0.94,2048,512
pmem-dax,pmem,"/mnt/pmem0.0/sean",ext4,8,20000,2000,3,1000,280000,2294,24,28,30,32,40,10,12,13,13,17,553276,20259490,273365634,33,13668,0.94,2048,512
file-dax,file,"/mnt/pmem0.0/sean",ext4,8,20000,2000,3,1000,0,2294,10376,11760,12468,13280,76370,4523,5126,5435,5789,33291,235561890,0,347343350,295,17367,0.94,2048,512
file-block,file,"/home/users/u7599095",ext4,8,20000,2000,3,1000,0,2294,328052,361304,414092,1647896,2243824,143004,157499,180510,718350,978127,8125737536,0,4364838491,811,218241,0.94,2048,512
pmem-dax,pmem,"/mnt/pmem0.0/sean",ext4,24,20000,2000,3,1000,760000,2294,24,28,30,34,48,10,12,13,14,20,556306,54948458,763164985,31,38158,0.95,2048,512
file-dax,file,"/mnt/pmem0.0/sean",ext4,24,20000,2000,3,1000,0,2294,10134,11468,11996,13064,77638,4417,4999,5229,5694,33843,231126936,0,588056935,171,29402,0.95,2048,512
file-block,file,"/home/users/u7599095",ext4,24,20000,2000,3,1000,0,2294,294650,359604,408478,1593702,64234504,128443,156758,178063,694726,28001091,8138493676,0,5091759198,696,254587,0.95,2048,512
pmem-dax,pmem,"/mnt/pmem0.0/sean",ext4,1,20000,2000,3,1000,80000,2294,22,30,32,36,52,9,13,13,15,22,586370,5733280,90685632,30,4534,0.96,4096,256
file-dax,file,"/mnt/pmem0.0/sean",ext4,1,20000,2000,3,1000,0,2294,11184,11934,12268,12966,50628,4875,5202,5347,5652,22069,239675310,0,253686680,411,12684,0.96,4096,256
file-block,file,"/home/users/u7599095",ext4,1,20000,2000,3,1000,0,2294,354974,390186,431016,1624420,1984778,154740,170089,187888,708116,865204,8640621574,0,4260507725,884,213025,0.96,4096,256
pmem-dax,pmem,"/mnt/pmem0.0/sean",ext4,8,20000,2000,3,1000,280000,2294,24,28,30,32,34,10,12,13,13,14,552900,20299786,269574712,33,13478,0.96,4096,256
file-dax,file,"/mnt/pmem0.0/sean",ext4,8,20000,2000,3,1000,0,2294,10580,11558,11792,12574,86148,4612,5038,5140,5481,37553,232195854,0,339375667,298,16968,0.96,4096,256
file-block,file,"/home/users/u7599095",ext4,8,20000,2000,3,1000,0,2294,329810,365944,414236,1618856,2417838,143770,159522,180573,705691,1053983,8184411360,0,4391517756,812,219575,0.96,4096,256
pmem-dax,pmem,"/mnt/pmem0.0/sean",ext4,24,20000,2000,3,1000,760000,2294,24,28,30,32,38,10,12,13,13,16,558954,55107996,762344701,31,38117,0.96,4096,256
file-dax,file,"/mnt/pmem0.0/sean",ext4,24,20000,2000,3,1000,0,2294,9856,11388,11806,12518,79488,4296,4964,5146,5456,34650,226974864,0,586963479,168,29348,0.96,4096,256
file-block,file,"/home/users/u7599095",ext4,24,20000,2000,3,1000,0,2294,301616,360750,410640,1564222,68725336,131480,157258,179006,681875,29958734,8148523850,0,5092398717,697,254619,0.96,4096,256
pmem-dax,pmem,"/mnt/pmem0.0/sean",ext4,1,20000,2000,3,1000,80000,2294,22,30,32,34,44,9,13,13,14,19,584830,5731638,90005989,30,4500,0.90,4096,512
file-dax,file,"/mnt/pmem0.0/sean",ext4,1,20000,2000,3,1000,0,2294,2122490,2132010,2134682,2172038,3568372,925235,929385,930550,946834,1555523,42667809432,0,18724009831,993,936200,0.90,4096,512
file-block,file,"/home/users/u7599095",ext4,1,20000,2000,3,1000,0,2294,264190,304090,334920,1288684,1836296,115165,132558,145998,561762,800477,6701790614,0,3402714312,858,170135,0.93,4096,512
pmem-dax,pmem,"/mnt/pmem0.0/sean",ext4,8,20000,2000,3,1000,280000,2294,24,28,30,32,34,10,12,13,13,14,554580,20256152,266043629,34,13302,0.93,4096,512
file-dax,file,"/mnt/pmem0.0/sean",ext4,8,20000,2000,3,1000,0,2294,2113722,2131714,2135514,2166846,3607422,921413,929256,930912,944571,1572546,42606071538,0,18791964767,988,939598,0.93,4096,512
file-block,file,"/home/users/u7599095",ext4,8,20000,2000,3,1000,0,2294,251250,304310,334816,1492172,54063064,109524,132654,145952,650467,23567159,6808837428,0,3776014441,786,188800,0.95,4096,512
pmem-dax,pmem,"/mnt/pmem0.0/sean",ext4,24,20000,2000,3,1000,760000,2294,24,28,30,32,50,10,12,13,13,21,558070,54919374,756045889,31,37802,0.96,4096,512
file-dax,file,"/mnt/pmem0.0/sean",ext4,24,20000,2000,3,1000,0,2294,2118712,2131202,2134280,2168848,2274472,923588,929033,930374,945443,991487,42630511034,0,19048277489,975,952413,0.96,4096,512
file-block,file,"/home/users/u7599095",ext4,24,20000,2000,3,1000,0,2294,234264,304168,340492,1392568,172033330,102120,132592,148427,607047,74992733,7170102922,0,4726595943,661,236329,0.97,4096,512
