config,rep,point,ticks_median,ticks_p10,ticks_p90,mhz,x1000_busy,excess_ticks,samples
pmem-auto+clock,1,busy,2576,2571,2581,5433,1000,0,1000
pmem-auto+clock,1,sleep,7086,2575,12868,1975,363,2,200
pmem-auto+clock,1,sieve,2577,2571,2581,5431,999,0,3180
pmem-auto+clock,1,alloc,2577,2571,2581,5431,999,0,3180
pmem-auto+clock,1,bitmap,2577,2571,2581,5431,999,0,3180
pmem-auto+clock,1,count,2577,2571,2581,5431,999,0,3180
pmem-auto+clock,1,publish,2577,2571,2581,5431,999,0,3180
pmem-auto+clock,1,retire,2577,2571,2581,5431,999,0,3180
file-dax+clock,1,busy,2577,2571,2581,5431,1000,0,1000
file-dax+clock,1,sleep,7452,2575,12872,1878,345,2,200
file-dax+clock,1,sieve,2577,2571,2583,5431,1000,0,3180
file-dax+clock,1,alloc,2577,2571,2583,5431,1000,0,3180
file-dax+clock,1,bitmap,2577,2571,2583,5431,1000,0,3180
file-dax+clock,1,count,2577,2571,2581,5431,1000,0,3180
file-dax+clock,1,publish,2577,2571,2583,5431,1000,0,3180
file-dax+clock,1,retire,2577,2571,2583,5431,1000,0,3180
file-block+clock,1,busy,2577,2571,2581,5431,1000,0,1000
file-block+clock,1,sleep,7447,2575,12877,1879,346,0,200
file-block+clock,1,sieve,8858,4895,9458,1580,290,0,3180
file-block+clock,1,alloc,8861,4893,9460,1579,290,0,3180
file-block+clock,1,bitmap,8862,4899,9460,1579,290,0,3180
file-block+clock,1,count,8861,5055,9461,1579,290,0,3180
file-block+clock,1,publish,8862,5057,9460,1579,290,0,3180
file-block+clock,1,retire,8861,5057,9461,1579,290,0,3180
direct-block+clock,1,busy,2577,2571,2581,5431,1000,0,1000
direct-block+clock,1,sleep,7080,2575,12905,1976,363,4,200
direct-block+clock,1,sieve,7875,4565,8354,1777,327,0,3180
direct-block+clock,1,alloc,7875,4569,8354,1777,327,0,3180
direct-block+clock,1,bitmap,7876,4573,8356,1777,327,0,3180
direct-block+clock,1,count,7877,4573,8356,1776,327,0,3180
direct-block+clock,1,publish,7880,4570,8836,1776,327,0,3180
direct-block+clock,1,retire,7879,4580,8362,1776,327,0,3180
pmem-auto+clock,2,busy,2576,2571,2581,5433,1000,0,1000
pmem-auto+clock,2,sleep,7458,2575,12872,1876,345,4,200
pmem-auto+clock,2,sieve,2577,2571,2581,5431,999,0,3180
pmem-auto+clock,2,alloc,2577,2571,2581,5431,999,0,3180
pmem-auto+clock,2,bitmap,2577,2571,2581,5431,999,0,3180
pmem-auto+clock,2,count,2577,2571,2581,5431,999,0,3180
pmem-auto+clock,2,publish,2577,2571,2581,5431,999,0,3180
pmem-auto+clock,2,retire,2577,2571,2581,5431,999,0,3180
file-dax+clock,2,busy,2577,2571,2581,5431,1000,0,1000
file-dax+clock,2,sleep,7100,2575,12897,1971,362,4,200
file-dax+clock,2,sieve,2577,2571,2581,5431,1000,0,3180
file-dax+clock,2,alloc,2577,2571,2581,5431,1000,0,3180
file-dax+clock,2,bitmap,2577,2571,2581,5431,1000,0,3180
file-dax+clock,2,count,2577,2571,2581,5431,1000,0,3180
file-dax+clock,2,publish,2577,2571,2581,5431,1000,0,3180
file-dax+clock,2,retire,2577,2571,2581,5431,1000,0,3180
file-block+clock,2,busy,2576,2571,2581,5433,1000,0,1000
file-block+clock,2,sleep,7076,2575,12893,1977,364,4,200
file-block+clock,2,sieve,8862,4893,9464,1579,290,0,3180
file-block+clock,2,alloc,8862,4889,9463,1579,290,0,3180
file-block+clock,2,bitmap,8865,5051,9464,1578,290,0,3180
file-block+clock,2,count,8864,5061,9463,1578,290,0,3180
file-block+clock,2,publish,8865,5061,9464,1578,290,0,3180
file-block+clock,2,retire,8864,5063,9464,1578,290,0,3180
direct-block+clock,2,busy,2575,2571,2581,5435,1000,0,1000
direct-block+clock,2,sleep,7079,2575,12885,1977,363,0,200
direct-block+clock,2,sieve,7875,4573,8849,1777,326,0,3180
direct-block+clock,2,alloc,7875,4580,8853,1777,326,0,3180
direct-block+clock,2,bitmap,7876,4579,8854,1777,326,0,3180
direct-block+clock,2,count,7876,4711,8854,1777,326,0,3180
direct-block+clock,2,publish,7881,4715,8857,1775,326,0,3180
direct-block+clock,2,retire,7879,4719,8858,1776,326,0,3180
pmem-auto+clock,3,busy,2575,2571,2581,5435,1000,0,1000
pmem-auto+clock,3,sleep,7451,2575,12897,1878,345,0,200
pmem-auto+clock,3,sieve,2577,2571,2581,5431,999,0,3180
pmem-auto+clock,3,alloc,2577,2571,2581,5431,999,0,3180
pmem-auto+clock,3,bitmap,2577,2571,2581,5431,999,0,3180
pmem-auto+clock,3,count,2577,2571,2581,5431,999,0,3180
pmem-auto+clock,3,publish,2577,2571,2581,5431,999,0,3180
pmem-auto+clock,3,retire,2577,2571,2581,5431,999,0,3180
file-dax+clock,3,busy,2577,2571,2581,5431,1000,0,1000
file-dax+clock,3,sleep,7462,2575,12881,1875,345,2,200
file-dax+clock,3,sieve,2577,2571,2581,5431,1000,0,3180
file-dax+clock,3,alloc,2577,2571,2581,5431,1000,0,3180
file-dax+clock,3,bitmap,2577,2571,2581,5431,1000,0,3180
file-dax+clock,3,count,2577,2571,2581,5431,1000,0,3180
file-dax+clock,3,publish,2577,2571,2581,5431,1000,0,3180
file-dax+clock,3,retire,2577,2571,2583,5431,1000,0,3180
file-block+clock,3,busy,2575,2571,2581,5435,1000,0,1000
file-block+clock,3,sleep,7454,2573,12881,1877,345,2,200
file-block+clock,3,sieve,8858,4727,9460,1580,290,0,3180
file-block+clock,3,alloc,8859,4737,9460,1579,290,0,3180
file-block+clock,3,bitmap,8862,4737,9461,1579,290,0,3180
file-block+clock,3,count,8862,4877,9461,1579,290,0,3180
file-block+clock,3,publish,8862,4882,9461,1579,290,0,3180
file-block+clock,3,retire,8860,4883,9461,1579,290,0,3180
direct-block+clock,3,busy,2577,2571,2581,5431,1000,0,1000
direct-block+clock,3,sleep,7091,2575,12901,1973,363,4,200
direct-block+clock,3,sieve,7877,4563,8840,1776,327,0,3180
direct-block+clock,3,alloc,7876,4566,8845,1777,327,0,3180
direct-block+clock,3,bitmap,7877,4573,8845,1776,327,0,3180
direct-block+clock,3,count,7879,4573,8845,1776,327,0,3180
direct-block+clock,3,publish,7880,4572,8848,1776,327,0,3180
direct-block+clock,3,retire,7880,4575,8849,1776,327,0,3180
pmem-auto+clock,4,busy,2577,2571,2581,5431,1000,0,1000
pmem-auto+clock,4,sleep,7080,2575,12873,1976,363,2,200
pmem-auto+clock,4,sieve,2577,2571,2581,5431,1000,0,3180
pmem-auto+clock,4,alloc,2577,2571,2581,5431,1000,0,3180
pmem-auto+clock,4,bitmap,2577,2571,2581,5431,1000,0,3180
pmem-auto+clock,4,count,2577,2571,2581,5431,1000,0,3180
pmem-auto+clock,4,publish,2577,2571,2581,5431,1000,0,3180
pmem-auto+clock,4,retire,2577,2571,2581,5431,1000,0,3180
file-dax+clock,4,busy,2577,2571,2581,5431,1000,0,1000
file-dax+clock,4,sleep,7086,2575,12885,1975,363,4,200
file-dax+clock,4,sieve,2577,2571,2581,5431,1000,0,3180
file-dax+clock,4,alloc,2577,2571,2581,5431,1000,0,3180
file-dax+clock,4,bitmap,2577,2571,2581,5431,1000,0,3180
file-dax+clock,4,count,2577,2571,2581,5431,1000,0,3180
file-dax+clock,4,publish,2577,2571,2581,5431,1000,0,3180
file-dax+clock,4,retire,2577,2571,2581,5431,1000,0,3180
file-block+clock,4,busy,2577,2571,2581,5431,1000,0,1000
file-block+clock,4,sleep,7452,2575,12889,1878,345,4,200
file-block+clock,4,sieve,8857,4723,9458,1580,290,0,3180
file-block+clock,4,alloc,8857,4725,9458,1580,290,0,3180
file-block+clock,4,bitmap,8857,4727,9460,1580,290,0,3180
file-block+clock,4,count,8858,4724,9459,1580,290,0,3180
file-block+clock,4,publish,8858,4729,9460,1580,290,0,3180
file-block+clock,4,retire,8858,4737,9459,1580,290,0,3180
direct-block+clock,4,busy,2577,2571,2581,5431,1000,0,1000
direct-block+clock,4,sleep,7099,2575,12897,1971,363,1,200
direct-block+clock,4,sieve,7878,4563,8845,1776,327,0,3180
direct-block+clock,4,alloc,7878,4569,8845,1776,327,0,3180
direct-block+clock,4,bitmap,7878,4568,8845,1776,327,0,3180
direct-block+clock,4,count,7880,4570,8845,1776,327,0,3180
direct-block+clock,4,publish,7882,4577,8850,1775,326,0,3180
direct-block+clock,4,retire,7883,4717,8850,1775,326,0,3180
pmem-auto+clock,5,busy,2577,2571,2581,5431,1000,0,1000
pmem-auto+clock,5,sleep,7090,2575,12909,1974,363,1,200
pmem-auto+clock,5,sieve,2577,2571,2583,5431,1000,0,3180
pmem-auto+clock,5,alloc,2577,2571,2583,5431,1000,0,3180
pmem-auto+clock,5,bitmap,2577,2571,2583,5431,1000,0,3180
pmem-auto+clock,5,count,2577,2571,2583,5431,1000,0,3180
pmem-auto+clock,5,publish,2577,2571,2583,5431,1000,0,3180
pmem-auto+clock,5,retire,2577,2571,2583,5431,1000,0,3180
file-dax+clock,5,busy,2577,2571,2581,5431,1000,0,1000
file-dax+clock,5,sleep,7072,2575,12893,1979,364,0,200
file-dax+clock,5,sieve,2577,2571,2581,5431,1000,0,3180
file-dax+clock,5,alloc,2577,2571,2581,5431,1000,0,3180
file-dax+clock,5,bitmap,2577,2571,2581,5431,1000,0,3180
file-dax+clock,5,count,2577,2571,2581,5431,1000,0,3180
file-dax+clock,5,publish,2577,2571,2581,5431,1000,0,3180
file-dax+clock,5,retire,2577,2571,2581,5431,1000,0,3180
file-block+clock,5,busy,2577,2571,2581,5431,1000,0,1000
file-block+clock,5,sleep,7852,2573,12905,1782,328,1,200
file-block+clock,5,sieve,8854,4883,9458,1580,291,0,3180
file-block+clock,5,alloc,8855,4882,9456,1580,291,0,3180
file-block+clock,5,bitmap,8858,4883,9458,1580,290,0,3180
file-block+clock,5,count,8857,4887,9458,1580,290,0,3180
file-block+clock,5,publish,8858,4895,9458,1580,290,0,3180
file-block+clock,5,retire,8858,5053,9458,1580,290,0,3180
direct-block+clock,5,busy,2577,2571,2581,5431,1000,0,1000
direct-block+clock,5,sleep,7466,2575,12885,1874,345,4,200
direct-block+clock,5,sieve,7872,4567,8358,1777,327,0,3180
direct-block+clock,5,alloc,7874,4571,8358,1777,327,0,3180
direct-block+clock,5,bitmap,7875,4571,8840,1777,327,0,3180
direct-block+clock,5,count,7874,4573,8837,1777,327,0,3180
direct-block+clock,5,publish,7876,4575,8844,1777,327,0,3180
direct-block+clock,5,retire,7875,4583,8842,1777,327,0,3180
